{
  "properties": {
    "connectionReferences": {
      "shared_postgresql": {
        "runtimeSource": "invoker",
        "connection": {
          "connectionReferenceLogicalName": "cr668_a97e94239111448aa26fcd58af273605"
        },
        "api": {
          "name": "shared_postgresql"
        }
      }
    },
    "definition": {
      "$schema": "https://schema.management.azure.com/providers/Microsoft.Logic/schemas/2016-06-01/workflowdefinition.json#",
      "contentVersion": "1.0.0.0",
      "parameters": {
        "$connections": {
          "defaultValue": {},
          "type": "Object"
        },
        "$authentication": {
          "defaultValue": {},
          "type": "SecureObject"
        }
      },
      "triggers": {
        "manual": {
          "metadata": {
            "operationMetadataId": "72e706f7-6d0a-4502-9ac2-db05cbb6ea47"
          },
          "type": "Request",
          "kind": "PowerAppV2",
          "inputs": {
            "schema": {
              "type": "object",
              "properties": {
                "number": {
                  "title": "RowId",
                  "type": "number",
                  "x-ms-dynamically-added": true,
                  "description": "Please enter a number",
                  "x-ms-content-hint": "NUMBER"
                }
              },
              "required": [
                "number"
              ]
            }
          }
        }
      },
      "actions": {
        "Delete_row": {
          "runAfter": {},
          "metadata": {
            "operationMetadataId": "8c0d7d62-7949-4082-b78f-cfe2247dd075"
          },
          "type": "OpenApiConnection",
          "inputs": {
            "host": {
              "connectionName": "shared_postgresql",
              "operationId": "DeleteItem",
              "apiId": "/providers/Microsoft.PowerApps/apis/shared_postgresql"
            },
            "parameters": {
              "table": "[public].[skillbooster_ex_tab]",
              "id": "@triggerBody()['number']"
            },
            "authentication": "@parameters('$authentication')"
          }
        }
      }
    },
    "templateName": null
  },
  "schemaVersion": "1.0.0.0"
}