﻿<?xml version="1.0" encoding="utf-8"?>
<ImportExportXml xmlns:xsi="http://www.w3.org/2001/XMLSchema-instance">
  <Entities />
  <Roles />
  <Workflows>
    <Workflow WorkflowId="{321fce07-720c-ef11-9f89-6045bd17acdc}" Name="PostgresDeleteUser">
      <JsonFileName>/Workflows/PostgresDeleteUser-321FCE07-720C-EF11-9F89-6045BD17ACDC.json</JsonFileName>
      <Type>1</Type>
      <Subprocess>0</Subprocess>
      <Category>5</Category>
      <Mode>0</Mode>
      <Scope>4</Scope>
      <OnDemand>0</OnDemand>
      <TriggerOnCreate>0</TriggerOnCreate>
      <TriggerOnDelete>0</TriggerOnDelete>
      <AsyncAutodelete>0</AsyncAutodelete>
      <SyncWorkflowLogOnFailure>0</SyncWorkflowLogOnFailure>
      <StateCode>1</StateCode>
      <StatusCode>2</StatusCode>
      <RunAs>1</RunAs>
      <IsTransacted>1</IsTransacted>
      <IntroducedVersion>1.0.0.0</IntroducedVersion>
      <IsCustomizable>1</IsCustomizable>
      <BusinessProcessType>0</BusinessProcessType>
      <IsCustomProcessingStepAllowedForOtherPublishers>1</IsCustomProcessingStepAllowedForOtherPublishers>
      <PrimaryEntity>none</PrimaryEntity>
      <LocalizedNames>
        <LocalizedName languagecode="1033" description="PostgresDeleteUser" />
      </LocalizedNames>
    </Workflow>
    <Workflow WorkflowId="{732d65ad-6e0c-ef11-9f89-6045bd17acdc}" Name="PostgresInsertUser">
      <JsonFileName>/Workflows/PostgresInsertUser-732D65AD-6E0C-EF11-9F89-6045BD17ACDC.json</JsonFileName>
      <Type>1</Type>
      <Subprocess>0</Subprocess>
      <Category>5</Category>
      <Mode>0</Mode>
      <Scope>4</Scope>
      <OnDemand>0</OnDemand>
      <TriggerOnCreate>0</TriggerOnCreate>
      <TriggerOnDelete>0</TriggerOnDelete>
      <AsyncAutodelete>0</AsyncAutodelete>
      <SyncWorkflowLogOnFailure>0</SyncWorkflowLogOnFailure>
      <StateCode>1</StateCode>
      <StatusCode>2</StatusCode>
      <RunAs>1</RunAs>
      <IsTransacted>1</IsTransacted>
      <IntroducedVersion>1.0.0.0</IntroducedVersion>
      <IsCustomizable>1</IsCustomizable>
      <BusinessProcessType>0</BusinessProcessType>
      <IsCustomProcessingStepAllowedForOtherPublishers>1</IsCustomProcessingStepAllowedForOtherPublishers>
      <PrimaryEntity>none</PrimaryEntity>
      <LocalizedNames>
        <LocalizedName languagecode="1033" description="PostgresInsertUser" />
      </LocalizedNames>
    </Workflow>
  </Workflows>
  <FieldSecurityProfiles />
  <Templates />
  <EntityMaps />
  <EntityRelationships />
  <OrganizationSettings />
  <optionsets />
  <CustomControls />
  <EntityDataProviders />
  <CanvasApps>
    <CanvasApp>
      <Name>cr668_postgresql_df1b0</Name>
      <AppVersion>2024-05-08T09:12:30Z</AppVersion>
      <Status>Ready</Status>
      <CreatedByClientVersion>3.24045.17.0</CreatedByClientVersion>
      <MinClientVersion>3.24045.17.0</MinClientVersion>
      <Tags>{"primaryDeviceWidth":"1366","primaryDeviceHeight":"768","supportsPortrait":"true","supportsLandscape":"true","primaryFormFactor":"Tablet","showStatusBar":"false","publisherVersion":"3.24045.17","minimumRequiredApiVersion":"2.2.0","hasComponent":"false","hasUnlockedComponent":"false","isUnifiedRootApp":"false"}</Tags>
      <IsCdsUpgraded>0</IsCdsUpgraded>
      <GalleryItemId xsi:nil="true"></GalleryItemId>
      <BackgroundColor>RGBA(0,176,240,1)</BackgroundColor>
      <DisplayName>PostgreSQL</DisplayName>
      <Description>test of postgres with admin db</Description>
      <CommitMessage>Save app with description provided in publish dialog.</CommitMessage>
      <Publisher xsi:nil="true"></Publisher>
      <AuthorizationReferences>[]</AuthorizationReferences>
      <ConnectionReferences>{"fd867609-84e7-498a-bdf7-a2a50e063980":{"id":"/providers/microsoft.powerapps/apis/shared_postgresql","xrmConnectionReferenceLogicalName":"cr668_a97e94239111448aa26fcd58af273605","displayName":"PostgreSQL","executionRestrictions":{"version":1,"modifiedOn":"2024-05-08 09:12:30","appVer":"3.24045.17","apiId":"/providers/microsoft.powerapps/apis/shared_postgresql","apiVer":1,"policy":"{\"type\":\"tabular\",\"dataSources\":{\"[public].[skillbooster_ex_tab]\":[\"post\",\"patch\",\"get\"]}}"},"iconUri":"https://connectoricons-prod.azureedge.net/releases/v1.0.1677/1.0.1677.3637/postgresql/icon.png","dataSources":["public.skillbooster_ex_tab"],"dependencies":[],"dependents":["f4e601e9-7e38-4de8-8924-b83084622748","8119c8ce-1340-45c4-b114-1dcd7c405431"],"parameterHints":{},"parameterHintsV2":{},"isOnPremiseConnection":false,"sharedConnectionId":"6f0eca82-a15e-475e-8662-c3c244592bc2","bypassConsent":false,"dataSets":{"default":{"dataSources":{"public.skillbooster_ex_tab":{"tableName":"[public].[skillbooster_ex_tab]"}}}},"apiTier":"Premium","actions":["providers/PowerPlatform.Governance/Operations/Read","providers/PowerPlatform.Governance/Operations/Write"]},"f4e601e9-7e38-4de8-8924-b83084622748":{"id":"/providers/microsoft.powerapps/apis/shared_logicflows","displayName":"Logic flows","iconUri":"https://connectoricons-prod.azureedge.net/u/patelronak/specialtrain-logicflows-2/1.0.1692.3734/logicflows/icon.png","dataSources":["PostgresDeleteUser"],"dependencies":["fd867609-84e7-498a-bdf7-a2a50e063980"],"dependents":[],"parameterHints":{"workflowName":{"value":"ba3be953-415e-4f1e-924a-57670ee9c76d"},"workflowEntityId":{"value":"321fce07-720c-ef11-9f89-6045bd17acdc"},"workflowDisplayName":{"value":"PostgresDeleteUser"},"fd867609-84e7-498a-bdf7-a2a50e063980":{"value":"shared_postgresql"}},"parameterHintsV2":{"workflowName":{"value":"ba3be953-415e-4f1e-924a-57670ee9c76d"},"workflowEntityId":{"value":"321fce07-720c-ef11-9f89-6045bd17acdc"},"workflowDisplayName":{"value":"PostgresDeleteUser"},"shared_postgresql":{"value":"fd867609-84e7-498a-bdf7-a2a50e063980"}},"isOnPremiseConnection":false,"bypassConsent":false,"dataSets":{},"apiTier":"Standard","actions":["Run"]},"8119c8ce-1340-45c4-b114-1dcd7c405431":{"id":"/providers/microsoft.powerapps/apis/shared_logicflows","displayName":"Logic flows","iconUri":"https://connectoricons-prod.azureedge.net/u/patelronak/specialtrain-logicflows-2/1.0.1692.3734/logicflows/icon.png","dataSources":["PostgresInsertUser"],"dependencies":["fd867609-84e7-498a-bdf7-a2a50e063980"],"dependents":[],"parameterHints":{"workflowName":{"value":"676aaeb0-7916-4535-9871-2b4260ec3e1e"},"workflowEntityId":{"value":"732d65ad-6e0c-ef11-9f89-6045bd17acdc"},"workflowDisplayName":{"value":"PostgresInsertUser"},"fd867609-84e7-498a-bdf7-a2a50e063980":{"value":"shared_postgresql"}},"parameterHintsV2":{"workflowName":{"value":"676aaeb0-7916-4535-9871-2b4260ec3e1e"},"workflowEntityId":{"value":"732d65ad-6e0c-ef11-9f89-6045bd17acdc"},"workflowDisplayName":{"value":"PostgresInsertUser"},"shared_postgresql":{"value":"fd867609-84e7-498a-bdf7-a2a50e063980"}},"isOnPremiseConnection":false,"bypassConsent":false,"dataSets":{},"apiTier":"Standard","actions":["Run"]}}</ConnectionReferences>
      <DatabaseReferences>{}</DatabaseReferences>
      <AppComponents>[]</AppComponents>
      <AppComponentDependencies>[]</AppComponentDependencies>
      <CanConsumeAppPass>0</CanConsumeAppPass>
      <CanvasAppType>0</CanvasAppType>
      <BypassConsent>0</BypassConsent>
      <AdminControlBypassConsent>0</AdminControlBypassConsent>
      <EmbeddedApp xsi:nil="true"></EmbeddedApp>
      <IntroducedVersion>1.0</IntroducedVersion>
      <CdsDependencies>{"cdsdependencies":[{"dependencyid":"321fce07-720c-ef11-9f89-6045bd17acdc","componenttype":29,"componenttypeplatformname":"Workflow"},{"dependencyid":"732d65ad-6e0c-ef11-9f89-6045bd17acdc","componenttype":29,"componenttypeplatformname":"Workflow"},{"logicalname":"cr668_a97e94239111448aa26fcd58af273605","componenttype":10093,"componenttypeplatformname":"ConnectionReference"}]}</CdsDependencies>
      <IsCustomizable>1</IsCustomizable>
      <BackgroundImageUri>/CanvasApps/cr668_postgresql_df1b0_BackgroundImageUri</BackgroundImageUri>
      <DocumentUri>/CanvasApps/cr668_postgresql_df1b0_DocumentUri.msapp</DocumentUri>
      <AdditionalUris>
        <AdditionalUri>/CanvasApps/cr668_postgresql_df1b0_AdditionalUris0_identity.json</AdditionalUri>
      </AdditionalUris>
    </CanvasApp>
  </CanvasApps>
  <Connectors>
    <Connector>
      <connectorid>bac984b8-5bb7-494e-b670-e35fa822110f</connectorid>
      <description></description>
      <displayname>testconn</displayname>
      <iconbrandcolor></iconbrandcolor>
      <name>cr668_5Ftestconn</name>
      <connectortype>1</connectortype>
      <openapidefinition>/Connector/cr668_5Ftestconn_openapidefinition.json</openapidefinition>
      <connectionparameters>/Connector/cr668_5Ftestconn_connectionparameters.json</connectionparameters>
      <policytemplateinstances>/Connector/cr668_5Ftestconn_policytemplateinstances.json</policytemplateinstances>
      <iconblob>/Connector/cr668_5Ftestconn_iconblob.Png</iconblob>
    </Connector>
  </Connectors>
  <connectionreferences>
    <connectionreference connectionreferencelogicalname="cr668_a97e94239111448aa26fcd58af273605">
      <connectionreferencedisplayname>postgres skillboostersrv.postgres.database.azure.com</connectionreferencedisplayname>
      <connectorid>/providers/microsoft.powerapps/apis/shared_postgresql</connectorid>
      <description>postgres skillboostersrv.postgres.database.azure.com</description>
      <iscustomizable>1</iscustomizable>
      <promptingbehavior>0</promptingbehavior>
      <statecode>0</statecode>
      <statuscode>1</statuscode>
    </connectionreference>
    <connectionreference connectionreferencelogicalname="cr668_sharedpostgresql_1a002">
      <connectionreferencedisplayname>PostgreSQL Technical-1a002</connectionreferencedisplayname>
      <connectorid>/providers/Microsoft.PowerApps/apis/shared_postgresql</connectorid>
      <iscustomizable>1</iscustomizable>
      <promptingbehavior>0</promptingbehavior>
      <statecode>0</statecode>
      <statuscode>1</statuscode>
    </connectionreference>
    <connectionreference connectionreferencelogicalname="cr668_sharedpostgresql_31d59">
      <connectionreferencedisplayname>PostgreSQL Technical-31d59</connectionreferencedisplayname>
      <connectorid>/providers/Microsoft.PowerApps/apis/shared_postgresql</connectorid>
      <iscustomizable>1</iscustomizable>
      <promptingbehavior>0</promptingbehavior>
      <statecode>0</statecode>
      <statuscode>1</statuscode>
    </connectionreference>
  </connectionreferences>
  <Languages>
    <Language>1033</Language>
  </Languages>
</ImportExportXml>